{
  "Version": "2012-10-17",
  "Statement": [
    {
      "Sid": "PrivateReadOnly",
      "Effect": "Allow",
      "Principal": {
        "AWS": "arn:aws:iam::${account_id}:root"
      },
      "Action": [
        "ecr:BatchCheckLayerAvailability",
        "ecr:BatchGetImage",
        "ecr:DescribeImageScanFindings",
        "ecr:DescribeImages",
        "ecr:DescribeRepositories",
        "ecr:GetDownloadUrlForLayer",
        "ecr:GetLifecyclePolicy",
        "ecr:GetLifecyclePolicyPreview",
        "ecr:GetRepositoryPolicy",
        "ecr:ListImages",
        "ecr:ListTagsForResource"
      ]
    }
  ]
}