{
    "Statement": [
        {
            "Action": [
                "ec2:DescribeLaunchTemplateVersions",
                "autoscaling:DescribeTags",
                "autoscaling:DescribeLaunchConfigurations",
                "autoscaling:DescribeAutoScalingInstances",
                "autoscaling:DescribeAutoScalingGroups"
            ],
            "Effect": "Allow",
            "Resource": "*",
            "Sid": "clusterAutoscalerAll"
        },
        {
            "Action": [
                "autoscaling:UpdateAutoScalingGroup",
                "autoscaling:TerminateInstanceInAutoScalingGroup",
                "autoscaling:SetDesiredCapacity"
            ],
            "Condition": {
                "StringEquals": {
                    "autoscaling:ResourceTag/k8s.io/cluster-autoscaler/enabled": "true",
                    "autoscaling:ResourceTag/kubernetes.io/cluster/${cluster_name}": "owned"
                }
            },
            "Effect": "Allow",
            "Resource": "*",
            "Sid": "clusterAutoscalerOwn"
        }
    ],
    "Version": "2012-10-17"
}